{"cameraMode":{"drawMode":0,"name":"Shaded","section":"Shading Mode"},"sceneLighting":false,"audioPlay":false,"sceneViewState":{"m_AlwaysRefresh":false,"showFog":true,"showSkybox":false,"showFlares":true,"showImageEffects":true,"showParticleSystems":true,"showVisualEffectGraphs":true,"m_FxEnabled":true},"in2DMode":false,"pivot":{"x":-1.7933562994003297,"y":0.26999998092651369,"z":3.440000057220459},"rotation":{"x":0.43523356318473818,"y":-0.006753416731953621,"z":0.0032729669474065305,"w":0.9002869725227356},"size":0.866025447845459,"orthographic":false}